<?xml version="1.0" encoding="UTF-8" standalone="yes"?>
<addon id="plugin.program.mancavewizard" name="Man Cave Wizard" version="0.0.9" provider-name="Man Cave Entertainment">
  <requires>
    <import addon="xbmc.python" version="2.1.0"/>
  </requires>
  <extension point="xbmc.python.pluginsource" library="default.py">
    <provides>executable</provides>
  </extension>
  <extension point="xbmc.service" library="startup.py" start="startup" />
  <extension point="xbmc.addon.metadata">
    <summary lang="en">Man Cave Wizard</summary>
    <description lang="en">Man Cave Wizard allows you to get access to the latest Man Cave Team Builds Custom Builds.</description>
    <platform>all</platform>
  </extension>
</addon>